cpf,
813.017.883-41,
139.951.318-40,
968.730.282-82,
162.010.825-90,
702.100.336-65,
928.996.989-07,
794.888.296-05,
489.241.795-51,
833.033.306-03,
790.751.871-73,
922.577.697-75,
449.371.615-04,
458.140.723-00,
498.509.347-51,
505.059.547-96,
544.149.096-94,
912.701.501-70,
832.584.238-57,
292.825.772-10,
239.267.800-61,
778.711.638-25,
094.449.332-70,
223.365.565-61,
757.031.694-02,
476.463.858-40,
459.341.805-41,
164.072.657-89,
340.826.109-10,
160.769.460-32,
826.467.515-83,
303.153.560-06,
511.980.659-74,
221.856.953-12,
611.978.847-69,
256.298.408-00,
552.122.553-68,
183.054.234-68,
311.550.877-80,
431.389.369-54,
257.439.042-35,
430.742.215-50,
371.917.162-07,
288.235.589-05,
750.621.414-86,
807.416.575-20,
111.559.010-37,
489.799.446-24,
907.042.082-10,
874.019.795-60,
830.157.775-48,
01642756490,
01642756490,